,score_phrase,title,url,platform,score,genre,editors_choice,release_year,release_month,release_day
0,Amazing,LittleBigPlanet PS Vita,/games/littlebigplanet-vita/vita-98907,PlayStation Vita,9.0,Platformer,Y,2012,9,12
1,Amazing,LittleBigPlanet PS Vita -- Marvel Super Hero Edition,/games/littlebigplanet-ps-vita-marvel-super-hero-edition/vita-20027059,PlayStation Vita,9.0,Platformer,Y,2012,9,12
2,Great,Splice: Tree of Life,/games/splice/ipad-141070,iPad,8.5,Puzzle,N,2012,9,12
3,Great,NHL 13,/games/nhl-13/xbox-360-128182,Xbox 360,8.5,Sports,N,2012,9,11
4,Great,NHL 13,/games/nhl-13/ps3-128181,PlayStation 3,8.5,Sports,N,2012,9,11
5,Good,Total War Battles: Shogun,/games/total-war-battles-shogun/mac-142565,Macintosh,7.0,Strategy,N,2012,9,11
6,Awful,Double Dragon: Neon,/games/double-dragon-neon/xbox-360-131320,Xbox 360,3.0,Fighting,N,2012,9,11
7,Amazing,Guild Wars 2,/games/guild-wars-2/pc-896298,PC,9.0,RPG,Y,2012,9,11
8,Awful,Double Dragon: Neon,/games/double-dragon-neon/ps3-131321,PlayStation 3,3.0,Fighting,N,2012,9,11
9,Good,Total War Battles: Shogun,/games/total-war-battles-shogun/pc-142564,PC,7.0,Strategy,N,2012,9,11
10,Good,Tekken Tag Tournament 2,/games/tekken-tag-tournament-2/ps3-124584,PlayStation 3,7.5,Fighting,N,2012,9,11
11,Good,Tekken Tag Tournament 2,/games/tekken-tag-tournament-2/xbox-360-124581,Xbox 360,7.5,Fighting,N,2012,9,11
12,Good,Wild Blood,/games/wild-blood/iphone-139363,iPhone,7.0,,N,2012,9,10
13,Amazing,Mark of the Ninja,/games/mark-of-the-ninja-135615/xbox-360-129276,Xbox 360,9.0,"Action, Adventure",Y,2012,9,7
14,Amazing,Mark of the Ninja,/games/mark-of-the-ninja-135615/pc-143761,PC,9.0,"Action, Adventure",Y,2012,9,7
15,Okay,Home: A Unique Horror Adventure,/games/home-a-unique-horror-adventure/mac-20014750,Macintosh,6.5,Adventure,N,2012,9,6
16,Okay,Home: A Unique Horror Adventure,/games/home-a-unique-horror-adventure/pc-137135,PC,6.5,Adventure,N,2012,9,6
17,Great,Avengers Initiative,/games/avengers-initiative/iphone-141579,iPhone,8.0,Action,N,2012,9,5
18,Mediocre,Way of the Samurai 4,/games/way-of-the-samurai-4/ps3-23516,PlayStation 3,5.5,"Action, Adventure",N,2012,9,3
19,Good,JoJo's Bizarre Adventure HD,/games/jojos-bizarre-adventure/xbox-360-137717,Xbox 360,7.0,Fighting,N,2012,9,3
20,Good,JoJo's Bizarre Adventure HD,/games/jojos-bizarre-adventure/ps3-137896,PlayStation 3,7.0,Fighting,N,2012,9,3
21,Good,Mass Effect 3: Leviathan,/games/mass-effect-3-leviathan/xbox-360-138918,Xbox 360,7.5,RPG,N,2012,8,31
22,Good,Mass Effect 3: Leviathan,/games/mass-effect-3-leviathan/ps3-138915,PlayStation 3,7.5,RPG,N,2012,8,31
23,Good,Mass Effect 3: Leviathan,/games/mass-effect-3-leviathan/pc-138919,PC,7.5,RPG,N,2012,8,31
24,Amazing,Dark Souls (Prepare to Die Edition),/games/dark-souls-prepare-to-die-edition/pc-131930,PC,9.0,"Action, RPG",Y,2012,8,31
25,Good,Symphony,/games/symphony/pc-136470,PC,7.0,Shooter,N,2012,8,30
26,Amazing,Bastion,/games/bastion/ipad-140874,iPad,9.0,"Action, RPG",Y,2012,8,30
27,Good,Tom Clancy's Ghost Recon Phantoms,/games/tom-clancys-ghost-recon-online/pc-109114,PC,7.5,Shooter,N,2012,8,29
28,Great,Thirty Flights of Loving,/games/thirty-flights-of-loving/pc-138374,PC,8.0,Adventure,N,2012,8,29
29,Okay,Legasista,/games/legasista/ps3-127147,PlayStation 3,6.5,"Action, RPG",N,2012,8,28
30,Amazing,The Walking Dead: The Game -- Episode 3: Long Road Ahead,/games/the-walking-dead-season-1-episode-3/mac-135875,Macintosh,9.0,Adventure,Y,2012,8,28
31,Great,World of Warcraft: Mists of Pandaria,/games/world-of-warcraft-mists-of-pandaria/pc-114681,PC,8.7,RPG,Y,2012,10,4
32,Bad,Hell Yeah! Wrath of the Dead Rabbit,/games/hell-yeah-wrath-of-the-dead-rabbit/ps3-129409,PlayStation 3,4.9,Platformer,N,2012,10,4
33,Amazing,Pokemon White Version 2,/games/pokemon-white-version-2/nds-129228,Nintendo DS,9.6,RPG,Y,2012,10,3
34,Good,War of the Roses,/games/war-of-the-roses-140577/pc-115849,PC,7.3,Action,N,2012,10,3
35,Amazing,Pokemon Black Version 2,/games/pokemon-black-version-2/nds-129224,Nintendo DS,9.6,RPG,Y,2012,10,3
36,Okay,Drakerider,/games/drakerider/iphone-135745,iPhone,6.5,RPG,N,2012,10,3
37,Amazing,The Walking Dead: The Game -- Episode 3: Long Road Ahead,/games/the-walking-dead-season-1-episode-3/xbox-360-135872,Xbox 360,9.0,Adventure,Y,2012,8,28
38,Amazing,The Walking Dead: The Game -- Episode 3: Long Road Ahead,/games/the-walking-dead-season-1-episode-3/pc-135874,PC,9.0,Adventure,Y,2012,8,28
39,Amazing,The Walking Dead: The Game -- Episode 3: Long Road Ahead,/games/the-walking-dead-season-1-episode-3/ps3-135873,PlayStation 3,9.0,Adventure,Y,2012,8,28
40,Great,Rock Band Blitz,/games/rock-band-blitz/xbox-360-131273,Xbox 360,8.5,Music,Y,2012,8,27
41,Great,Counter-Strike: Global Offensive,/games/counter-strike-global-offensive/mac-116695,Macintosh,8.0,Shooter,N,2012,8,27
42,Great,Worms Revolution,/games/worms-revolution/ps3-131184,PlayStation 3,8.5,Strategy,N,2012,10,2
43,Great,Worms Revolution,/games/worms-revolution/pc-131183,PC,8.5,Strategy,N,2012,10,2
44,Great,Worms Revolution,/games/worms-revolution/xbox-360-131185,Xbox 360,8.5,Strategy,N,2012,10,2
45,Amazing,Bad Piggies,/games/bad-piggies/iphone-141455,iPhone,9.2,Action,Y,2012,10,1
46,Good,Resident Evil 6,/games/resident-evil-6/ps3-85710,PlayStation 3,7.9,"Action, Adventure",N,2012,10,1
47,Good,Resident Evil 6,/games/resident-evil-6/xbox-360-117995,Xbox 360,7.9,"Action, Adventure",N,2012,10,1
48,Good,Shad'O,/games/shado/pc-141293,PC,7.0,Adventure,N,2012,9,28
49,Okay,Demon's Score,/games/demons-score/iphone-118050,iPhone,6.9,Action,N,2012,9,27
50,Amazing,NBA 2K13,/games/nba-2k13/xbox-360-132080,Xbox 360,9.1,Sports,Y,2012,9,27
51,Great,Counter-Strike: Global Offensive,/games/counter-strike-global-offensive/pc-115451,PC,8.0,Shooter,N,2012,8,27
52,Amazing,The World Ends with You: Solo Remix,/games/the-world-ends-with-you-solo-remix/ipad-140661,iPad,9.5,RPG,Y,2012,8,27
53,Great,Counter-Strike: Global Offensive,/games/counter-strike-global-offensive/ps3-115453,PlayStation 3,8.0,Shooter,N,2012,8,27
54,Amazing,The World Ends with You: Solo Remix,/games/the-world-ends-with-you-solo-remix/iphone-140269,iPhone,9.5,RPG,Y,2012,8,27
55,Great,Counter-Strike: Global Offensive,/games/counter-strike-global-offensive/xbox-360-115452,Xbox 360,8.0,Shooter,N,2012,8,27
56,Okay,Madden NFL 13,/games/madden-nfl-2013/vita-128100,PlayStation Vita,6.0,Sports,N,2012,8,24
57,Amazing,Madden NFL 13,/games/madden-nfl-2013/ps3-128098,PlayStation 3,9.0,Sports,Y,2012,8,24
58,Amazing,Madden NFL 13,/games/madden-nfl-2013/xbox-360-128097,Xbox 360,9.0,Sports,Y,2012,8,24
59,Painful,Hoodwink,/games/hoodwink/pc-136672,PC,2.5,Adventure,N,2012,8,23
60,Amazing,NBA 2K13,/games/nba-2k13/ps3-132077,PlayStation 3,9.1,Sports,Y,2012,9,27
61,Amazing,NBA 2K13,/games/nba-2k13/pc-140490,PC,9.1,Sports,Y,2012,9,27
62,Good,Lili: Child of Geos,/games/lili/iphone-138013,iPhone,7.0,Adventure,N,2012,9,26
63,Great,Marvel vs. Capcom Origins,/games/marvel-vs-capcom-origins/xbox-360-137157,Xbox 360,8.2,Fighting,N,2012,9,26
64,Great,Marvel vs. Capcom Origins,/games/marvel-vs-capcom-origins/ps3-137160,PlayStation 3,8.2,Fighting,N,2012,9,26
65,Great,Dead or Alive 5,/games/dead-or-alive-5/ps3-117918,PlayStation 3,8.8,Fighting,N,2012,9,25
66,Great,Dead or Alive 5,/games/dead-or-alive-5/xbox-360-866449,Xbox 360,8.8,Fighting,N,2012,9,25
67,Bad,Medal of Honor Warfighter,/games/medal-of-honor-warfighter/pc-101082,PC,4.0,Shooter,N,2012,10,26
68,Great,Professor Layton and the Miracle Mask,/games/professor-layton-and-the-mask-of-miracle/3ds-77742,Nintendo 3DS,8.7,Adventure,Y,2012,10,26
69,Great,Hotline Miami,/games/hotline-miami/pc-139657,PC,8.8,Action,Y,2012,10,26
70,Okay,Edna & Harvey: Harvey's New Eyes,/games/edna-harvey-harveys-new-eyes/pc-145776,PC,6.0,Adventure,N,2012,10,26
71,Bad,Medal of Honor Warfighter,/games/medal-of-honor-warfighter/ps3-101085,PlayStation 3,4.0,Shooter,N,2012,10,26
72,Bad,Medal of Honor Warfighter,/games/medal-of-honor-warfighter/xbox-360-101086,Xbox 360,4.0,Shooter,N,2012,10,26
73,Great,Transformers: Fall of Cybertron,/games/transformers-fall-of-cybertron/xbox-360-92426,Xbox 360,8.5,Shooter,N,2012,8,21
74,Great,Transformers: Fall of Cybertron,/games/transformers-fall-of-cybertron/ps3-92425,PlayStation 3,8.5,Shooter,N,2012,8,21
75,Amazing,Hero Academy,/games/hero-academy-136971/pc-122908,PC,9.0,Board,Y,2012,8,20
76,Amazing,Hero Academy,/games/hero-academy-136971/iphone-122803,iPhone,9.0,Strategy,Y,2012,8,20
77,Amazing,Puzzle Craft,/games/puzzlecraft/iphone-134348,iPhone,9.0,Puzzle,Y,2012,8,17
78,Mediocre,Realms Of Ancient War,/games/realms-of-ancient-war/xbox-360-111182,Xbox 360,5.5,Action,N,2012,9,24
79,Mediocre,Realms Of Ancient War,/games/realms-of-ancient-war/ps3-111181,PlayStation 3,5.5,Action,N,2012,9,24
80,Great,Anomaly: Warzone Earth,/games/anomaly-warzone-earth/ps3-138479,PlayStation 3,8.2,Action,N,2012,9,23
81,Good,Darksiders II,/games/darksiders-2/pc-91963,PC,7.5,Action,N,2012,8,17
82,Good,Left 4 Dead 2: Cold Stream,/games/left-4-dead-2-cold-stream/mac-140189,Macintosh,7.0,Shooter,N,2012,8,17
83,Good,Left 4 Dead 2: Cold Stream,/games/left-4-dead-2-cold-stream/pc-140187,PC,7.0,Shooter,N,2012,8,17
84,Amazing,Puzzle Craft,/games/puzzlecraft/android-134352,Android,9.0,Puzzle,Y,2012,8,17
85,Good,Left 4 Dead 2: Cold Stream,/games/left-4-dead-2-cold-stream/xbox-360-140188,Xbox 360,7.0,Shooter,N,2012,8,17
86,Amazing,Horn,/games/horn/iphone-136814,iPhone,9.0,"Action, Adventure",Y,2012,8,16
87,Amazing,Forza Horizon,/games/forza-horizon/xbox-360-129564,Xbox 360,9.0,Racing,Y,2012,10,12
88,Bad,FIFA Soccer 13,/games/fifa-2013/vita-115689,PlayStation Vita,4.0,Sports,N,2012,10,12
89,Awful,Mugen Souls,/games/mugen-souls/ps3-120256,PlayStation 3,3.9,"Strategy, RPG",N,2012,10,12
90,Good,Crazy Taxi,/games/crazy-taxi/iphone-144755,iPhone,7.1,"Racing, Action",N,2012,10,11
91,Mediocre,New Little King's Story,/games/new-kings-story/vita-116369,PlayStation Vita,5.8,RPG,N,2012,10,11
92,Good,Fable: The Journey,/games/fable-the-journey/xbox-360-27948,Xbox 360,7.2,"Action, RPG",N,2012,10,9
93,Great,The Lord of the Rings Online: Riders of Rohan,/games/the-lord-of-the-rings-online-riders-of-rohan/pc-127207,PC,8.3,RPG,N,2012,10,26
94,Good,Doom 3: BFG Edition,/games/doom-3/xbox-360-135333,Xbox 360,7.6,RPG,N,2012,10,25
95,Okay,Rugby League Live 2,/games/rugby-league-live-2/xbox-360-136983,Xbox 360,6.0,Sports,N,2012,10,25
96,Okay,Rugby League Live 2,/games/rugby-league-live-2/ps3-136984,PlayStation 3,6.0,Sports,N,2012,10,25
97,Good,Doom 3: BFG Edition,/games/doom-3/ps3-135329,PlayStation 3,7.6,RPG,N,2012,10,25
98,Amazing,Punch Quest,/games/punch-quest/iphone-136667,iPhone,9.3,Action,Y,2012,10,25
99,Okay,He-Man: The Most Powerful Game in the Universe,/games/he-man-the-most-powerful-game-in-the-universe/iphone-144763,iPhone,6.8,Action,N,2012,10,25
100,Good,Doom 3: BFG Edition,/games/doom-3/pc-135338,PC,7.6,RPG,N,2012,10,25
101,Great,Dokuro,/games/dokuro/vita-130906,PlayStation Vita,8.8,Puzzle,N,2012,10,19
102,Painful,Naughty Bear: Panic in Paradise,/games/naughty-bear-panic-in-paradise/xbox-360-135404,Xbox 360,2.3,Action,N,2012,10,18
103,Painful,Naughty Bear: Panic in Paradise,/games/naughty-bear-panic-in-paradise/ps3-135407,PlayStation 3,2.3,Action,N,2012,10,18
104,Good,Borderlands 2: Captain Scarlett and her Pirate's Booty,/games/borderlands-2-captain-scarlett-and-her-pirates-booty/ps3-145419,PlayStation 3,7.5,"Shooter, RPG",N,2012,10,18
105,Great,Skylanders Giants,/games/skylanders-giants/ps3-128142,PlayStation 3,8.0,"Action, Adventure",N,2012,10,18
106,Good,Borderlands 2: Captain Scarlett and her Pirate's Booty,/games/borderlands-2-captain-scarlett-and-her-pirates-booty/pc-145418,PC,7.5,"Shooter, RPG",N,2012,10,18
107,Great,Rayman: Jungle Run,/games/rayman-jungle-run/iphone-141641,iPhone,8.8,Platformer,N,2012,9,20
108,Amazing,FIFA Soccer 13,/games/fifa-2013/pc-115688,PC,9.0,Sports,Y,2012,9,20
109,Amazing,FIFA Soccer 13,/games/fifa-2013/ps3-115679,PlayStation 3,9.0,Sports,Y,2012,9,20
110,Amazing,Torchlight II,/games/torchlight-ii/pc-82633,PC,9.1,"Action, RPG",Y,2012,9,20
111,Amazing,FIFA Soccer 13,/games/fifa-2013/xbox-360-115691,Xbox 360,9.0,Sports,Y,2012,9,20
112,Bad,The Sims 3: Supernatural,/games/the-sims-3-supernatural/pc-136180,PC,4.5,Simulation,N,2012,9,19
113,Good,Retro/Grade,/games/retrograde-138590/ps3-21766,PlayStation 3,7.0,,N,2012,8,15
114,Amazing,Iron Brigade,/games/iron-brigade/pc-121033,PC,9.0,Action,Y,2012,8,15
115,Okay,Cafeteria Nipponica,/games/cafeteria-nipponica/iphone-139633,iPhone,6.0,Simulation,N,2012,8,15
116,Great,Sleeping Dogs,/games/sleeping-dogs/xbox-360-14279324,Xbox 360,8.5,Action,N,2012,8,14
117,Great,Sleeping Dogs,/games/sleeping-dogs/ps3-55068,PlayStation 3,8.5,Action,N,2012,8,14
118,Good,Darksiders II,/games/darksiders-2/ps3-14336767,PlayStation 3,7.5,Action,N,2012,8,14
119,Bad,Papo & Yo,/games/papo-and-yo/ps3-110267,PlayStation 3,4.0,Adventure,N,2012,8,14
120,Good,The Walking Dead: The Game -- Episode 4: Around Every Corner,/games/the-walking-dead-season-1-episode-4/pc-135879,PC,7.5,Adventure,N,2012,10,9
121,Good,The Walking Dead: The Game -- Episode 4: Around Every Corner,/games/the-walking-dead-season-1-episode-4/ipad-135882,iPad,7.5,Adventure,N,2012,10,9
122,Good,The Walking Dead: The Game -- Episode 4: Around Every Corner,/games/the-walking-dead-season-1-episode-4/ps3-135880,PlayStation 3,7.5,Adventure,N,2012,10,9
123,Mediocre,Cortex Command,/games/cortex-command/pc-14333880,PC,5.0,"Action, Simulation",N,2012,10,9
124,Good,The Walking Dead: The Game -- Episode 4: Around Every Corner,/games/the-walking-dead-season-1-episode-4/xbox-360-135881,Xbox 360,7.5,Adventure,N,2012,10,9
125,Good,Derrick the Deathfin,/games/derrick-the-deathfin-133942/ps3-129921,PlayStation 3,7.4,Action,N,2012,10,9
126,Good,The Walking Dead: The Game -- Episode 4: Around Every Corner,/games/the-walking-dead-season-1-episode-4/mac-135878,Macintosh,7.5,Adventure,N,2012,10,9
127,Great,XCOM: Enemy Unknown,/games/xcom-enemy-unknown/xbox-360-126074,Xbox 360,8.2,Strategy,N,2012,10,8
128,Great,XCOM: Enemy Unknown,/games/xcom-enemy-unknown/pc-126070,PC,8.2,Strategy,N,2012,10,8
129,Okay,Silent Hill: Book of Memories,/games/silent-hill-book-of-memories/vita-110040,PlayStation Vita,6.0,Adventure,N,2012,10,24
130,Good,Diaspora: Shattered Armistice,/games/diaspora-shattered-armistice/pc-145951,PC,7.4,"Flight, Action",N,2012,10,24
131,Okay,Pocket Clothier,/games/pocket-clothier/iphone-145621,iPhone,6.6,Strategy,N,2012,10,24
132,Okay,Pocket Clothier,/games/pocket-clothier/android-145958,Android,6.6,Strategy,N,2012,10,24
133,Okay,Ravaged,/games/ravaged-135376/pc-128650,PC,6.7,Shooter,N,2012,10,23
134,Okay,True Skate,/games/true-skate/iphone-145482,iPhone,6.7,Sports,N,2012,10,23
135,Amazing,Zero Escape: Virtue's Last Reward,/games/virtues-last-reward/3ds-116383,Nintendo 3DS,9.5,Adventure,Y,2012,10,23
136,Amazing,Zero Escape: Virtue's Last Reward,/games/virtues-last-reward/vita-116380,PlayStation Vita,9.5,Adventure,Y,2012,10,23
137,Amazing,The Walking Dead: The Game -- Episode 3: Long Road Ahead,/games/the-walking-dead-season-1-episode-3/ipad-135871,iPad,9.0,Adventure,Y,2012,10,22
138,Great,Skylanders Giants,/games/skylanders-giants/xbox-360-128140,Xbox 360,8.0,"Action, Adventure",N,2012,10,18
139,Great,Skylanders Giants,/games/skylanders-giants/wii-128141,Wii,8.0,"Action, Adventure",N,2012,10,18
140,Good,Borderlands 2: Captain Scarlett and her Pirate's Booty,/games/borderlands-2-captain-scarlett-and-her-pirates-booty/xbox-360-145420,Xbox 360,7.5,"Shooter, RPG",N,2012,10,18
141,Great,Devil's Attorney,/games/devils-attorney/android-145462,Android,8.3,Strategy,N,2012,10,17
142,Great,Devil's Attorney,/games/devils-attorney/iphone-145099,iPhone,8.3,Strategy,N,2012,10,17
143,Okay,Code of Princess,/games/code-of-princess-135813/3ds-125676,Nintendo 3DS,6.9,"Action, RPG",N,2012,10,17
144,Great,SunFlowers,/games/sun-flowers-134128/vita-132435,PlayStation Vita,8.0,Puzzle,N,2012,10,17
145,Bad,007 Legends,/games/007-legends/xbox-360-132394,Xbox 360,4.5,Action,N,2012,10,16
146,Amazing,Super Hexagon,/games/super-hexagon/iphone-143440,iPhone,9.0,Action,N,2012,9,19
147,Great,Machinarium,/games/machinarium/ps3-110942,PlayStation 3,8.0,Adventure,N,2012,9,18
148,Great,Final Fantasy Dimensions,/games/final-fantasy-dimensions/iphone-135306,iPhone,8.0,RPG,N,2012,9,18
149,Great,They Bleed Pixels,/games/they-bleed-pixels/pc-141012,PC,8.2,Platformer,N,2012,9,18
150,Good,Jet Set Radio,/games/jet-set-radio/vita-135073,PlayStation Vita,7.5,Action,N,2012,9,17
151,Good,Jet Set Radio,/games/jet-set-radio/ps3-129168,PlayStation 3,7.5,Action,N,2012,9,17
152,Good,Jet Set Radio,/games/jet-set-radio/xbox-360-129165,Xbox 360,7.5,Action,N,2012,9,17
153,Great,Pro Evolution Soccer 2013,/games/pro-evolution-soccer-2013/xbox-360-133009,Xbox 360,8.5,Sports,Y,2012,9,17
154,Amazing,F1 2012,/games/f1-2012/pc-130383,PC,9.0,Racing,Y,2012,9,17
155,Good,Darksiders II,/games/darksiders-2/xbox-360-14336768,Xbox 360,7.5,Action,N,2012,8,14
156,Good,Pitfall,/games/pitfall-working-title/iphone-137420,iPhone,7.0,Platformer,N,2012,8,13
157,Great,Dust: An Elysian Tail,/games/dust-an-elysian-tail-139696/xbox-360-77719,Xbox 360,8.5,Platformer,N,2012,8,13
158,Great,Hybrid,/games/hybrid-140542/xbox-360-37860,Xbox 360,8.0,Shooter,N,2012,8,13
159,Mediocre,The Dark Knight Rises,/games/the-dark-knight-rises/iphone-130653,iPhone,5.5,Action,N,2012,8,10
160,Good,10000000,/games/10000000/iphone-139135,iPhone,7.5,,N,2012,8,9
161,Okay,The Political Machine 2012,/games/the-political-machine-2012/pc-131306,PC,6.5,Strategy,N,2012,8,9
162,Amazing,Sound Shapes,/games/sound-shapes-queasy-games/ps3-135578,PlayStation 3,9.0,Platformer,Y,2012,8,8
163,Amazing,Sound Shapes,/games/sound-shapes-queasy-games/vita-110145,PlayStation Vita,9.0,Platformer,Y,2012,8,8
164,Okay,One Piece: Pirate Warriors,/games/one-piece-pirate-warriors/ps3-116782,PlayStation 3,6.0,Action,N,2012,10,8
165,Great,XCOM: Enemy Unknown,/games/xcom-enemy-unknown/ps3-126073,PlayStation 3,8.2,Strategy,N,2012,10,8
166,Amazing,Dishonored,/games/dishonored/xbox-360-112932,Xbox 360,9.2,Action,Y,2012,10,7
167,Amazing,Dishonored,/games/dishonored/pc-112928,PC,9.2,Action,Y,2012,10,7
168,Amazing,Dishonored,/games/dishonored/ps3-112931,PlayStation 3,9.2,Action,Y,2012,10,7
169,Good,Angry Birds Trilogy,/games/angry-birds-trilogy/3ds-82424,Nintendo 3DS,7.0,"Puzzle, Action",N,2012,10,6
170,Good,Angry Birds Trilogy,/games/angry-birds-trilogy/xbox-360-88826,Xbox 360,7.0,"Puzzle, Action",N,2012,10,6
171,Good,Angry Birds Trilogy,/games/angry-birds-trilogy/ps3-135852,PlayStation 3,7.0,"Puzzle, Action",N,2012,10,6
172,Great,Girls Like Robots,/games/girls-like-robots/iphone-145093,iPhone,8.5,Puzzle,N,2012,10,19
173,Bad,Happy Wars,/games/happy-wars/xbox-360-64840,Xbox 360,4.0,Action,N,2012,10,19
174,Bad,007 Legends,/games/007-legends/ps3-132391,PlayStation 3,4.5,Action,N,2012,10,16
175,Amazing,Funky Smugglers,/games/funky-smugglers/iphone-145106,iPhone,9.0,Action,Y,2012,10,16
176,Okay,Colour Bind,/games/colour-bind/pc-143757,PC,6.2,,N,2012,10,15
177,Mediocre,WRC 3 FIA World Rally Championship,/games/wrc-3-fia-world-rally-championship/xbox-360-131357,Xbox 360,5.0,Racing,N,2012,10,15
178,Mediocre,WRC 3 FIA World Rally Championship,/games/wrc-3-fia-world-rally-championship/pc-131360,PC,5.0,Racing,N,2012,10,15
179,Mediocre,Retro City Rampage,/games/retro-city-rampage/ps3-128971,PlayStation 3,5.3,"Action, Adventure",N,2012,10,15
180,Mediocre,Retro City Rampage,/games/retro-city-rampage/pc-129032,PC,5.3,"Action, Adventure",N,2012,10,15
181,Great,Dance Central 3,/games/dance-central-3/xbox-360-135601,Xbox 360,8.0,Music,N,2012,10,15
182,Mediocre,WRC 3 FIA World Rally Championship,/games/wrc-3-fia-world-rally-championship/ps3-131361,PlayStation 3,5.0,Racing,N,2012,10,15
183,Mediocre,Snapshot,/games/snapshot/pc-143174,PC,5.0,Platformer,N,2012,9,17
184,Amazing,F1 2012,/games/f1-2012/ps3-130382,PlayStation 3,9.0,Racing,Y,2012,9,17
185,Great,Pro Evolution Soccer 2013,/games/pro-evolution-soccer-2013/ps3-133012,PlayStation 3,8.5,Sports,Y,2012,9,17
186,Amazing,F1 2012,/games/f1-2012/xbox-360-130379,Xbox 360,9.0,Racing,Y,2012,9,17
187,Great,Pro Evolution Soccer 2013,/games/pro-evolution-soccer-2013/pc-133014,PC,8.5,Sports,Y,2012,9,17
188,Amazing,Borderlands 2,/games/borderlands-2/xbox-360-94188,Xbox 360,9.0,"Shooter, RPG",Y,2012,9,13
189,Amazing,Borderlands 2,/games/borderlands-2/pc-94190,PC,9.0,"Shooter, RPG",Y,2012,9,13
190,Great,Joe Danger: The Movie,/games/joe-danger-the-movie/xbox-360-115463,Xbox 360,8.0,Action,N,2012,9,13
191,Amazing,Borderlands 2,/games/borderlands-2/ps3-94189,PlayStation 3,9.0,"Shooter, RPG",Y,2012,9,13
192,Amazing,Sound Shapes,/games/sound-shapes-queasy-games/ps4-20007461,PlayStation 4,9.0,Platformer,Y,2012,8,8
193,Amazing,Persona 4 Arena,/games/persona-4-arena/ps3-116910,PlayStation 3,9.0,Fighting,Y,2012,8,7
194,Amazing,Persona 4 Arena,/games/persona-4-arena/xbox-360-116913,Xbox 360,9.0,Fighting,Y,2012,8,7
195,Bad,Hell Yeah! Wrath of the Dead Rabbit,/games/hell-yeah-wrath-of-the-dead-rabbit/pc-129413,PC,4.9,Platformer,N,2012,10,4
196,Bad,Hell Yeah! Wrath of the Dead Rabbit,/games/hell-yeah-wrath-of-the-dead-rabbit/xbox-360-129412,Xbox 360,4.9,Platformer,N,2012,10,4
197,Mediocre,Retro City Rampage,/games/retro-city-rampage/vita-128972,PlayStation Vita,5.3,"Action, Adventure",N,2012,10,15
198,Amazing,The Unfinished Swan,/games/the-unfinished-swan/ps3-133433,PlayStation 3,9.0,Puzzle,Y,2012,10,14
199,Great,Tokyo Jungle,/games/tokyo-jungle-139049/ps3-85484,PlayStation 3,8.0,Adventure,N,2012,9,13
200,Amazing,Halo 4,/games/halo-4/xbox-360-110563,Xbox 360,9.8,Shooter,Y,2012,11,1
201,Amazing,Halo 4 (Limited Edition),/games/halo-4/xbox-360-134637,Xbox 360,9.8,Shooter,Y,2012,11,1
202,Good,Zone of the Enders HD Collection,/games/zone-of-the-enders-hd-collection/ps3-110049,PlayStation 3,7.0,"Action, Compilation",N,2012,11,1
203,Great,Harvest Moon: A New Beginning,/games/harvest-moon-hajimari-no-daichi/3ds-120299,Nintendo 3DS,8.3,Adventure,N,2012,11,1
204,Good,Zone of the Enders HD Collection,/games/zone-of-the-enders-hd-collection/xbox-360-110060,Xbox 360,7.0,"Action, Compilation",N,2012,11,1
205,Okay,Borderlands Legends,/games/borderlands-legends/iphone-145721,iPhone,6.5,"Action, RPG",N,2012,10,31
206,Okay,Borderlands Legends,/games/borderlands-legends/ipad-145832,iPad,6.5,"Action, RPG",N,2012,10,31
207,Amazing,Okami HD,/games/okami/ps3-136378,PlayStation 3,9.4,Adventure,Y,2012,10,30
208,Mediocre,Ragnarok Odyssey,/games/ragnarok-odyssey/vita-117348,PlayStation Vita,5.0,RPG,N,2012,10,30
209,Okay,Need for Speed Most Wanted,/games/need-for-speed-most-wanted-2012/iphone-135825,iPhone,6.9,"Racing, Action",N,2012,10,30
210,Good,Pid,/games/pid/xbox-360-124089,Xbox 360,7.8,Platformer,N,2012,10,30
211,Good,Pid,/games/pid/pc-124085,PC,7.8,Platformer,N,2012,10,30
212,Good,Pid,/games/pid/ps3-124088,PlayStation 3,7.8,Platformer,N,2012,10,30
213,Amazing,Need for Speed Most Wanted,/games/need-for-speed-most-wanted-2012/ps3-126560,PlayStation 3,9.0,"Racing, Action",Y,2012,10,30
214,Great,Assassin's Creed III,/games/assassins-creed-iii/xbox-360-128701,Xbox 360,8.5,"Action, Adventure",N,2012,10,30
215,Amazing,Need for Speed Most Wanted,/games/need-for-speed-most-wanted-2012/xbox-360-135486,Xbox 360,9.0,"Racing, Action",Y,2012,10,30
216,Good,Assassin's Creed III: Liberation,/games/assassins-creed-vita/vita-115670,PlayStation Vita,7.2,Action,N,2012,10,30
217,Great,Smart As...,/games/smart-as-135038/vita-98920,PlayStation Vita,8.5,"Educational, Puzzle",N,2012,10,30
218,Great,Assassin's Creed III,/games/assassins-creed-iii/ps3-128700,PlayStation 3,8.5,"Action, Adventure",N,2012,10,30
219,Amazing,Need for Speed Most Wanted,/games/need-for-speed-most-wanted-2012/pc-135628,PC,9.0,"Racing, Action",Y,2012,10,30
220,Great,WWE '13,/games/wwe-13/ps3-127917,PlayStation 3,8.4,Wrestling,N,2012,10,29
221,Okay,Street Fighter x Tekken,/games/street-fighter-x-tekken/vita-110720,PlayStation Vita,6.6,Fighting,N,2012,10,29
222,Great,WWE '13,/games/wwe-13/xbox-360-127923,Xbox 360,8.4,Wrestling,N,2012,10,29
223,Good,Chivalry: Medieval Warfare,/games/chivalry-medieval-warfare-142591/pc-75122,PC,7.9,Adventure,N,2012,10,29
224,Good,Sonic Jump,/games/sonic-jump-2012/iphone-144482,iPhone,7.5,Platformer,N,2012,10,29
225,Mediocre,F1 Race Stars,/games/f1-race-stars/xbox-360-137846,Xbox 360,5.2,Racing,N,2012,11,13
226,Amazing,Call of Duty: Black Ops II,/games/call-of-duty-black-ops-ii/pc-126314,PC,9.3,Shooter,Y,2012,11,13
227,Mediocre,F1 Race Stars,/games/f1-race-stars/ps3-137849,PlayStation 3,5.2,Racing,N,2012,11,13
228,Mediocre,Midway Arcade Origins,/games/midway-arcade-origins/ps3-143385,PlayStation 3,5.5,"Action, Compilation",N,2012,11,13
229,Mediocre,Midway Arcade Origins,/games/midway-arcade-origins/xbox-360-143382,Xbox 360,5.5,"Action, Compilation",N,2012,11,13
230,Amazing,Call of Duty: Black Ops II,/games/call-of-duty-black-ops-ii/xbox-360-126311,Xbox 360,9.3,Shooter,Y,2012,11,13
231,Amazing,Call of Duty: Black Ops II,/games/call-of-duty-black-ops-ii/ps3-126313,PlayStation 3,9.3,Shooter,Y,2012,11,13
232,Okay,When Vikings Attack,/games/when-vikings-attack/ps3-135043,PlayStation 3,6.5,"Fighting, Action",N,2012,11,9
233,Okay,When Vikings Attack,/games/when-vikings-attack/vita-135040,PlayStation Vita,6.5,"Fighting, Action",N,2012,11,9
234,Mediocre,"Freakyforms Deluxe: Your Creations, Alive!",/games/freakyforms-deluxe-your-creations-alive/3ds-139655,Nintendo 3DS,5.0,Productivity,N,2012,11,8
235,Mediocre,Painkiller: Hell & Damnation,/games/painkiller-hell-and-damnation/pc-136319,PC,5.0,Shooter,N,2012,11,7
236,Great,Transformers Prime,/games/transformers-prime/3ds-130988,Nintendo 3DS,8.0,Action,N,2012,11,7
237,Great,Angry Birds Star Wars,/games/star-wars-angry-birds/iphone-144485,iPhone,8.8,Puzzle,N,2012,11,7
238,Good,Farming Simulator 2013,/games/farming-simulator-2013/pc-144241,PC,7.1,Simulation,N,2012,11,7
239,Great,Paper Mario: Sticker Star,/games/paper-mario-3ds/3ds-77808,Nintendo 3DS,8.3,RPG,N,2012,11,6
240,Okay,Lucius,/games/lucius-shiver-games/pc-83378,PC,6.0,Adventure,N,2012,11,6
241,Mediocre,LittleBigPlanet Karting,/games/littlebigplanet-karting/ps3-128163,PlayStation 3,5.0,Racing,N,2012,11,6
242,Good,Primal Carnage,/games/primal-carnage/pc-60854,PC,7.6,Shooter,N,2012,11,5
243,Great,Natural Selection 2,/games/natural-selection-2/pc-904386,PC,8.0,Shooter,N,2012,11,5
244,Okay,Symphonica: Grand Maestro,/games/symphonica-grand-maestro/iphone-141555,iPhone,6.0,Music,N,2012,11,5
245,Amazing,Football Manager 2013,/games/football-manager-2013/mac-141666,Macintosh,9.0,"Sports, Simulation",Y,2012,11,3
246,Amazing,The Walking Dead: The Game -- Episode 5: No Time Left,/games/the-walking-dead-season-1-episode-5/pc-135888,PC,9.5,Adventure,Y,2012,11,19
247,Amazing,The Walking Dead: The Game -- Episode 5: No Time Left,/games/the-walking-dead-season-1-episode-5/ipad-135885,iPad,9.5,Adventure,Y,2012,11,19
248,Amazing,The Walking Dead: The Game -- Episode 5: No Time Left,/games/the-walking-dead-season-1-episode-5/mac-135889,Macintosh,9.5,Adventure,Y,2012,11,19
249,Amazing,The Walking Dead: The Game -- Episode 5: No Time Left,/games/the-walking-dead-season-1-episode-5/ps3-135887,PlayStation 3,9.5,Adventure,Y,2012,11,19
250,Amazing,Football Manager 2013,/games/football-manager-2013/pc-141663,PC,9.0,"Sports, Simulation",Y,2012,11,3
251,Good,Need for Speed Most Wanted,/games/need-for-speed-most-wanted-2012/vita-135721,PlayStation Vita,7.4,"Racing, Action",N,2012,11,2
252,Bad,Orgarhythm,/games/orgarhythm-133846/vita-130950,PlayStation Vita,4.7,"Music, Action",N,2012,11,2
253,Good,Sports Champions 2,/games/sports-champions-2/ps3-135395,PlayStation 3,7.6,"Sports, Action",N,2012,11,2
254,Great,Kinect Party,/games/happy-action-theater-2/xbox-360-140195,Xbox 360,8.5,Party,N,2012,12,20
255,Good,Sky Gamblers: Storm Raiders,/games/sky-gamblers-storm-raider/iphone-149216,iPhone,7.1,Action,N,2012,12,19
256,Good,Oddworld: Stranger's Wrath HD,/games/oddworld-strangers-wrath/vita-110722,PlayStation Vita,7.5,"Action, Adventure",N,2012,12,19
257,Good,AirBuccaneers,/games/airbuccaneers/pc-150858,PC,7.5,Action,N,2012,12,19
258,Great,Theatrhythm Final Fantasy,/games/theatrhythm-final-fantasy/iphone-150082,iPhone,8.0,"Music, Action",N,2012,12,19
259,Okay,Sing Party,/games/sing/wii-u-135741,Wii U,6.3,Music,N,2012,12,18
260,Okay,Beatdown!,/games/beatdown/iphone-147890,iPhone,6.3,"Fighting, Action",N,2012,11,19
261,Okay,Waking Mars,/games/waking-mars-148199/pc-148201,PC,6.5,Action,N,2012,11,19
262,Okay,Waking Mars,/games/waking-mars-148199/iphone-129356,iPhone,6.5,Action,N,2012,11,19
263,Amazing,Hitman: Absolution,/games/hitman-absolution/ps3-14348845,PlayStation 3,9.0,Action,Y,2012,11,18
264,Amazing,Hitman: Absolution,/games/hitman-absolution/xbox-360-14348846,Xbox 360,9.0,Action,Y,2012,11,18
265,Okay,ZombiU,/games/zombi-u/wii-u-135661,Wii U,6.3,Shooter,N,2012,11,18
266,Good,Grand Theft Auto: Vice City,/games/grand-theft-aut-vice-city/iphone-146059,iPhone,7.7,"Action, Adventure",N,2012,12,18
267,Good,Street Fighter X Mega Man,/games/street-fighter-x-mega-man/pc-149856,PC,7.0,Action,N,2012,12,18
268,Good,Sonic & All-Stars Racing Transformed,/games/sonic-all-stars-racing-transformed/vita-133506,PlayStation Vita,7.0,"Racing, Action",N,2012,12,17
269,Good,Sonic & All-Stars Racing Transformed,/games/sonic-all-stars-racing-transformed/3ds-133507,Nintendo 3DS,7.0,"Racing, Action",N,2012,12,17
270,Good,The Sims 3: Seasons,/games/the-sims-3-seasons/pc-138921,PC,7.5,Simulation,N,2012,12,17
271,Mediocre,Tank! Tank! Tank!,/games/tank-tank-tank/wii-u-135735,Wii U,5.8,Action,N,2012,12,14
272,Good,Guardians of Middle-earth,/games/guardians-of-middle-earth/xbox-360-135298,Xbox 360,7.5,Battle,N,2012,12,14
273,Okay,Ratchet & Clank: Full Frontal Assault,/games/ratchet-and-clank-full-frontal-assault/ps3-135296,PlayStation 3,6.4,Action,N,2012,12,14
274,Bad,Page Chronica,/games/page-chronica/ps3-145412,PlayStation 3,4.1,Puzzle,N,2012,12,14
275,Amazing,Hitman: Absolution,/games/hitman-absolution/pc-14251574,PC,9.0,Action,Y,2012,11,18
276,Amazing,Batman: Arkham City -- Armored Edition,/games/batman-arkham-city/wii-u-110822,Wii U,9.5,Action,Y,2012,11,17
277,Okay,Disney Epic Mickey 2: The Power of Two,/games/disney-epic-mickey-2-the-power-of-two/ps3-125841,PlayStation 3,6.0,"Action, Adventure",N,2012,11,17
278,Okay,Disney Epic Mickey 2: The Power of Two,/games/disney-epic-mickey-2-the-power-of-two/xbox-360-125840,Xbox 360,6.0,"Action, Adventure",N,2012,11,17
279,Good,Darksiders II,/games/darksiders-2/wii-u-110809,Wii U,7.5,Action,N,2012,11,17
280,Great,Scribblenauts Unlimited,/games/scribblenauts-unlimited/wii-u-135731,Wii U,8.8,"Puzzle, Action",Y,2012,11,16
281,Bad,Call of Duty: Black Ops Declassified,/games/call-of-duty-black-ops-declassified/vita-98928,PlayStation Vita,4.0,Shooter,N,2012,11,16
282,Good,Fallen Enchantress,/games/elemental-fallen-enchantress/pc-101961,PC,7.9,Strategy,N,2012,11,16
283,Good,Guns of Icarus Online,/games/guns-of-icarus-online/pc-115437,PC,7.3,Shooter,N,2012,11,16
284,Mediocre,Miner Wars 2081,/games/miner-wars-2081/pc-21143,PC,5.0,Shooter,N,2012,12,14
285,Good,Guardians of Middle-earth,/games/guardians-of-middle-earth/ps3-135301,PlayStation 3,7.5,Battle,N,2012,12,14
286,Great,The Elder Scrolls V: Skyrim -- Dragonborn,/games/the-elder-scrolls-v-skyrim-dragonborn/xbox-360-146422,Xbox 360,8.8,RPG,N,2012,12,13
287,Okay,Baldur's Gate -- Enhanced Edition,/games/baldurs-gate-enhanced-edition/ipad-130702,iPad,6.0,RPG,N,2012,12,13
288,Okay,Black Knight Sword,/games/black-knight-sword/xbox-360-115069,Xbox 360,6.9,"Puzzle, Adventure",N,2012,12,13
289,Okay,Black Knight Sword,/games/black-knight-sword/ps3-115068,PlayStation 3,6.9,"Puzzle, Adventure",N,2012,12,13
290,Amazing,The Walking Dead: A Telltale Game Series -- Season One,/games/the-walking-dead-the-game/xbox-360-100888,Xbox 360,9.3,Adventure,Y,2012,12,12
291,Great,Sonic & All-Stars Racing Transformed,/games/sonic-all-stars-racing-transformed/xbox-360-133505,Xbox 360,8.6,"Racing, Action",N,2012,11,15
292,Amazing,New Super Mario Bros. U,/games/new-super-mario-bros-u/wii-u-135584,Wii U,9.1,Platformer,Y,2012,11,15
293,Great,Sonic & All-Stars Racing Transformed,/games/sonic-all-stars-racing-transformed/ps3-133498,PlayStation 3,8.6,"Racing, Action",N,2012,11,15
294,Great,Nintendo Land,/games/nintendo-land/wii-u-135744,Wii U,8.7,Party,Y,2012,11,15
295,Good,ARC Squadron,/games/arc-squadron-145523/iphone-145520,iPhone,7.3,"Flight, Action",N,2012,11,13
296,Good,Ninja Gaiden III: Razor's Edge,/games/ninja-gaiden-iii-razors-edge/wii-u-110811,Wii U,7.6,Action,N,2012,11,13
297,Amazing,The Walking Dead: A Telltale Game Series -- Season One,/games/the-walking-dead-the-game/ps3-100887,PlayStation 3,9.3,Adventure,Y,2012,12,12
298,Amazing,The Walking Dead -- Game of the Year Edition,/games/the-walking-dead-game-of-the-year-edition/pc-20008044,PC,9.3,Adventure,Y,2012,12,12
299,Amazing,The Walking Dead: A Telltale Game Series -- Season One,/games/the-walking-dead-the-game/iphone-150119,iPhone,9.3,Adventure,Y,2012,12,12
300,Good,Real Boxing,/games/real-boxing-147889/iphone-147888,iPhone,7.6,Sports,N,2012,11,30
301,Great,Baldur's Gate -- Enhanced Edition,/games/baldurs-gate-enhanced-edition/pc-130328,PC,8.1,RPG,N,2012,11,30
302,Amazing,Crashmo,/games/crashmo/3ds-144426,Nintendo 3DS,9.5,"Puzzle, Action",Y,2012,11,30
303,Amazing,PlanetSide 2,/games/planetside-2/pc-14242769,PC,9.0,Shooter,Y,2012,11,30
304,Okay,Disney Epic Mickey 2: The Power of Two,/games/disney-epic-mickey-2-the-power-of-two/wii-u-142951,Wii U,6.0,"Action, Adventure",N,2012,11,29
305,Amazing,The Walking Dead: A Telltale Game Series -- Season One,/games/the-walking-dead-the-game/pc-100880,PC,9.3,Adventure,Y,2012,12,12
306,Amazing,The Walking Dead: A Telltale Game Series -- Season One,/games/the-walking-dead-the-game/mac-100885,Macintosh,9.3,Adventure,Y,2012,12,12
307,Good,Strike Suit Zero,/games/strike-suit-zero/pc-115112,PC,7.5,Shooter,N,2013,1,22
308,Painful,Final Fantasy: All The Bravest,/games/final-fantasy-all-the-bravest-156962/iphone-156958,iPhone,2.5,RPG,N,2013,1,18
309,Good,Tokyo Crash Mobs,/games/tokyo-crash-mobs/3ds-144441,Nintendo 3DS,7.7,"Puzzle, Action",N,2013,1,18
310,Amazing,Ni no Kuni: Wrath of the White Witch,/games/ni-no-kuni/ps3-14284017,PlayStation 3,9.4,RPG,Y,2013,1,15
311,Mediocre,Marvel's The Avengers: Battle For Earth,/games/marvels-the-avengers-battle-for-earth/wii-u-134289,Wii U,5.0,Action,N,2013,1,15
312,Okay,Borderlands 2: Sir Hammerlock's Big Game Hunt,/games/borderlands-2-hammerlocks-big-game-hunt/xbox-360-150509,Xbox 360,6.9,"Shooter, RPG",N,2013,1,15
313,Great,Assassin's Creed III,/games/assassins-creed-iii/pc-119437,PC,8.6,"Action, Adventure",Y,2012,11,23
314,Okay,Chasing Aurora,/games/chasing-aurora/wii-u-135575,Wii U,6.0,Action,N,2012,11,22
315,Great,Adventure Time: Hey Ice King! Why'd You Steal Our Garbage?,/games/adventure-time-hey-ice-king-whyd-you-steal-our-garbage/3ds-135984,Nintendo 3DS,8.5,Adventure,Y,2012,11,22
316,Great,Madden NFL 13,/games/madden-nfl-2013/wii-128099,Wii,8.3,Sports,N,2012,11,21
317,Good,Warriors Orochi 3 Hyper,/games/warriors-orochi-3-hyper/wii-u-142961,Wii U,7.0,Action,N,2012,11,29
318,Good,Transformers Prime,/games/transformers-prime/wii-u-136308,Wii U,7.8,Action,N,2012,11,28
319,Okay,Skylanders Battlegrounds,/games/skylanders-battlegrounds/iphone-146163,iPhone,6.6,Action,N,2012,11,28
320,Good,Rage of the Gladiator,/games/rage-of-the-gladiator-2010/iphone-146969,iPhone,7.6,Action,N,2012,11,28
321,Okay,FIFA Soccer 13,/games/fifa-2013/wii-u-136146,Wii U,6.0,Sports,N,2012,11,27
322,Okay,Family Guy: Back to the Multiverse,/games/family-guy-back-to-the-multiverse/xbox-360-133934,Xbox 360,6.0,Adventure,N,2012,11,27
323,Okay,Family Guy: Back to the Multiverse,/games/family-guy-back-to-the-multiverse/ps3-133931,PlayStation 3,6.0,Adventure,N,2012,11,27
324,Mediocre,Little Inferno,/games/little-inferno/pc-136966,PC,5.0,Puzzle,N,2012,11,27
325,Mediocre,Little Inferno,/games/little-inferno/wii-u-137620,Wii U,5.0,Puzzle,N,2012,11,27
326,Amazing,The Walking Dead -- Game of the Year Edition,/games/the-walking-dead-game-of-the-year-edition/ps3-20008043,PlayStation 3,9.3,Adventure,Y,2012,12,12
327,Amazing,The Walking Dead -- Game of the Year Edition,/games/the-walking-dead-game-of-the-year-edition/xbox-360-20008042,Xbox 360,9.3,Adventure,Y,2012,12,12
328,Amazing,The Walking Dead: A Telltale Game Series -- Season One,/games/the-walking-dead-the-game/ipad-100886,iPad,9.3,Adventure,Y,2012,12,12
329,Amazing,Minigore 2: Zombies,/games/minigore-2-zombies/iphone-149695,iPhone,9.1,Shooter,Y,2012,12,12
330,Mediocre,Jet Set Radio,/games/jet-set-radio/iphone-138175,iPhone,5.6,Action,N,2012,12,12
331,Good,Forge,/games/forge/pc-136254,PC,7.0,Shooter,N,2012,12,12
332,Okay,Nancy Drew: The Deadly Device,/games/nancy-drew-the-deadly-device/pc-145847,PC,6.8,Adventure,N,2012,12,11
333,Good,Into the Dead,/games/into-the-dead/iphone-149569,iPhone,7.0,Action,N,2012,12,10
334,Mediocre,Just Dance 4,/games/just-dance-4/wii-u-135665,Wii U,5.3,Music,N,2012,12,10
335,Okay,Borderlands 2: Sir Hammerlock's Big Game Hunt,/games/borderlands-2-hammerlocks-big-game-hunt/pc-150514,PC,6.9,"Shooter, RPG",N,2013,1,15
336,Okay,Borderlands 2: Sir Hammerlock's Big Game Hunt,/games/borderlands-2-hammerlocks-big-game-hunt/ps3-150510,PlayStation 3,6.9,"Shooter, RPG",N,2013,1,15
337,Great,DmC: Devil May Cry,/games/dmc/pc-134823,PC,8.9,Action,Y,2013,1,14
338,Great,Unchained Blades,/games/unchained-blades/3ds-101274,Nintendo 3DS,8.0,RPG,N,2013,1,14
339,Great,DmC: Devil May Cry,/games/dmc/ps3-85707,PlayStation 3,8.5,Action,Y,2013,1,14
340,Good,The Earth Defense Force 2017 Portable,/games/the-earth-defense-force-2017/vita-137197,PlayStation Vita,7.5,Action,N,2013,1,14
341,Bad,007 Legends,/games/007-legends/wii-u-142949,Wii U,4.2,Action,N,2013,1,14
342,Mediocre,Wraithborne,/games/wraithborne/iphone-146959,iPhone,5.2,Action,N,2012,11,21
343,Amazing,Persona 4 Golden,/games/shin-megami-tensei-persona-4/vita-116892,PlayStation Vita,9.3,RPG,Y,2012,11,21
344,Amazing,Call of Duty: Black Ops II,/games/call-of-duty-black-ops-ii/wii-u-136081,Wii U,9.3,Shooter,Y,2012,11,21
345,Mediocre,Rabbids Land,/games/rayman-raving-rabbids-for-wii-u/wii-u-110845,Wii U,5.0,Party,N,2012,11,21
346,Good,Tekken Tag Tournament 2: Wii U Edition,/games/tekken-tag-tournament-2/wii-u-110807,Wii U,7.5,Fighting,N,2012,11,21
347,Amazing,Far Cry 3,/games/far-cry-3/pc-53492,PC,9.0,Shooter,Y,2012,11,21
348,Great,Madden NFL 13,/games/madden-nfl-2013/wii-u-110858,Wii U,8.3,Sports,N,2012,11,21
349,Amazing,Far Cry 3,/games/far-cry-3/ps3-53488,PlayStation 3,9.0,Shooter,Y,2012,11,21
350,Mediocre,Little Inferno,/games/little-inferno/mac-137618,Macintosh,5.0,Puzzle,N,2012,11,27
351,Mediocre,Little Inferno,/games/little-inferno/ipad-162572,iPad,5.0,Puzzle,N,2012,11,27
352,Mediocre,Little Inferno,/games/little-inferno/linux-137619,Linux,5.0,Puzzle,N,2012,11,27
353,Mediocre,Little Inferno,/games/little-inferno/iphone-159505,iPhone,5.0,Puzzle,N,2012,11,27
354,Great,Little Chomp,/games/little-chomp/iphone-148128,iPhone,8.0,Action,N,2012,11,26
355,Amazing,Trine 2: Director's Cut,/games/trine-2/wii-u-135737,Wii U,9.0,Action,Y,2012,11,26
356,Awful,LEGO The Lord of the Rings [Portable],/games/lego-the-lord-of-the-rings-portable/3ds-135997,Nintendo 3DS,3.8,"Action, Adventure",N,2012,11,26
357,Awful,LEGO The Lord of the Rings [Portable],/games/lego-the-lord-of-the-rings-portable/vita-140079,PlayStation Vita,3.8,"Action, Adventure",N,2012,11,26
358,Okay,LEGO The Lord of the Rings,/games/lego-the-lord-of-the-rings/xbox-360-135464,Xbox 360,6.8,"Action, Adventure",N,2012,11,26
359,Great,Writer Rumble,/games/writer-rumble/iphone-149247,iPhone,8.2,"Puzzle, Word Game",N,2012,12,10
360,Amazing,Mass Effect,/games/mass-effect/ps3-143827,PlayStation 3,9.0,RPG,Y,2012,12,10
361,Great,Guilty Gear XX Accent Core Plus,/games/guilty-gear-xx-accent-core-plus/xbox-360-128867,Xbox 360,8.3,Fighting,N,2012,12,7
362,Great,Guilty Gear XX Accent Core Plus,/games/guilty-gear-xx-accent-core-plus/ps3-128866,PlayStation 3,8.3,Fighting,N,2012,12,7
363,Good,Uncharted: Fight For Fortune,/games/uncharted-fight-for-fortune/vita-146817,PlayStation Vita,7.0,"Card, Battle",N,2012,12,6
364,Good,Modern Combat 4: Zero Hour,/games/modern-combat-4-zero-hour/iphone-143811,iPhone,7.8,Shooter,N,2012,12,6
365,Okay,Wonderbook: Book  of Spells,/games/book-of-spells/ps3-135683,PlayStation 3,6.0,"Simulation, Adventure",N,2012,12,6
366,Great,Rift: Storm Legion,/games/rift-storm-legion/pc-135457,PC,8.3,RPG,N,2012,12,4
367,Amazing,Joe Danger,/games/joe-danger-touch/iphone-136836,iPhone,9.1,Action,Y,2013,1,14
368,Great,DmC: Devil May Cry,/games/dmc/xbox-360-86431,Xbox 360,8.9,Action,Y,2013,1,14
369,Mediocre,Anarchy Reigns,/games/anarchy-reigns/xbox-360-98770,Xbox 360,5.9,Action,N,2013,1,11
370,Mediocre,Anarchy Reigns,/games/anarchy-reigns/ps3-95396,PlayStation 3,5.9,Action,N,2013,1,11
371,Great,Kentucky Route Zero: Act 1,/games/kentucky-route-zero-154732/pc-115270,PC,8.3,Adventure,N,2013,1,11
372,Okay,Primordia,/games/primordia/pc-140042,PC,6.8,Adventure,N,2013,1,11
373,Amazing,Mutant Mudds,/games/mutant-mudds/iphone-149490,iPhone,9.1,Platformer,Y,2013,1,10
374,Amazing,Far Cry 3,/games/far-cry-3/xbox-360-53491,Xbox 360,9.0,Shooter,Y,2012,11,21
375,Amazing,Mass Effect 3 (Special Edition),/games/mass-effect-3/wii-u-135743,Wii U,9.5,RPG,N,2012,11,21
376,Amazing,Nano Assault Neo,/games/nano-assault-neo/wii-u-142952,Wii U,9.0,Shooter,Y,2012,11,20
377,Good,Disney Epic Mickey: Power of Illusion,/games/disney-epic-mickey-power-of-illusion/3ds-130576,Nintendo 3DS,7.0,"Action, Adventure",N,2012,11,20
378,Great,Assassin's Creed III,/games/assassins-creed-iii/wii-u-110823,Wii U,8.5,"Action, Adventure",N,2012,11,20
379,Amazing,Borderlands 2: Mr. Torgue's Campaign of Carnage,/games/borderlands-2-mr-torgues-campaign-of-carnage/pc-147951,PC,9.2,"Shooter, RPG",Y,2012,11,20
380,Great,Scribblenauts Unlimited,/games/scribblenauts-unlimited/pc-135828,PC,8.8,"Puzzle, Action",Y,2012,11,20
381,Amazing,Borderlands 2: Mr. Torgue's Campaign of Carnage,/games/borderlands-2-mr-torgues-campaign-of-carnage/xbox-360-147949,Xbox 360,9.2,"Shooter, RPG",Y,2012,11,20
382,Great,PlayStation All-Stars Battle Royale,/games/playstation-all-stars-battle-royale/vita-135678,PlayStation Vita,8.0,Fighting,N,2012,11,20
383,Good,Jetpack Joyride,/games/jetpack-joyride/psp-148152,PlayStation Portable,7.4,Platformer,N,2012,11,26
384,Okay,LEGO The Lord of the Rings,/games/lego-the-lord-of-the-rings/ps3-135460,PlayStation 3,6.8,"Action, Adventure",N,2012,11,26
385,Good,The Walking Dead: Assault,/games/the-walking-dead-assault/iphone-149294,iPhone,7.5,Adventure,N,2012,12,4
386,Good,Miasmata,/games/miasmata/pc-149038,PC,7.9,Adventure,N,2012,12,4
387,Good,Bladeslinger: Episode 1,/games/bladeslinger/iphone-119042,iPhone,7.2,Action,N,2012,12,3
388,Mediocre,Funky Barn,/games/funky-barn-142959/wii-u-142960,Wii U,5.0,Simulation,N,2012,12,3
389,Awful,ESPN Sports Connection,/games/sports-connection/wii-u-135664,Wii U,3.0,Sports,N,2012,12,3
390,Great,Sonic & All-Stars Racing Transformed,/games/sonic-all-stars-racing-transformed/wii-u-139639,Wii U,8.8,"Racing, Action",N,2012,11,30
391,Awful,Infestation: Survivor Stories,/games/the-war-z/pc-138069,PC,3.0,Action,N,2013,1,8
392,Good,Labyrinth Legends,/games/labyrinth-legends/ps3-148868,PlayStation 3,7.7,RPG,N,2013,1,7
393,Mediocre,Ace of Spades,/games/ace-of-spades-149688/pc-106949,PC,5.9,Shooter,N,2013,1,4
394,Good,Monsters Inc. Run,/games/monsters-inc-run/iphone-150128,iPhone,7.7,Action,N,2013,1,3
395,Good,Pudding Monsters,/games/pudding-monsters/iphone-149492,iPhone,7.3,"Puzzle, Adventure",N,2012,12,20
396,Amazing,Borderlands 2: Mr. Torgue's Campaign of Carnage,/games/borderlands-2-mr-torgues-campaign-of-carnage/ps3-147950,PlayStation 3,9.2,"Shooter, RPG",Y,2012,11,20
397,Great,PlayStation All-Stars Battle Royale,/games/playstation-all-stars-battle-royale/ps3-123511,PlayStation 3,8.0,Fighting,N,2012,11,20
398,Amazing,NBA 2K13,/games/nba-2k13/wii-u-135328,Wii U,9.1,Sports,Y,2012,11,20
399,Amazing,The Walking Dead: The Game -- Episode 5: No Time Left,/games/the-walking-dead-season-1-episode-5/xbox-360-135886,Xbox 360,9.5,Adventure,Y,2012,11,19
400,Mediocre,NFL Quarterback Club '97,/games/nfl-quarterback-club-97/ps-293,PlayStation,5.0,Sports,N,1996,11,25
401,Okay,Namco Museum Vol. 2,/games/namco-museum-vol-2/ps-730,PlayStation,6.0,"Action, Compilation",N,1996,11,25
402,Awful,Raven Project,/games/raven-project/ps-184,PlayStation,3.0,Action,N,1996,11,25
403,Okay,Silverload,/games/silverload/ps-585,PlayStation,6.0,Adventure,N,1996,11,25
404,Good,Return Fire,/games/return-fire/ps-172,PlayStation,7.0,Action,N,1996,11,25
405,Painful,Rise 2: Resurrection,/games/rise-2-resurrection/ps-174,PlayStation,2.0,Fighting,N,1996,11,25
406,Okay,Robo Pit,/games/robo-pit/ps-175,PlayStation,6.5,Fighting,N,1996,11,25
407,Okay,NBA ShootOut,/games/nba-shootout/ps-163,PlayStation,6.0,Sports,N,1996,11,25
408,Bad,Beyond The Beyond,/games/beyond-the-beyond/ps-450,PlayStation,4.0,RPG,N,1996,11,21
409,Good,Crash Bandicoot,/games/crash-bandicoot/ps-603,PlayStation,7.5,Platformer,N,1996,11,21
410,Great,Bust-A-Move 2: Arcade Edition,/games/bust-a-move-2-arcade-edition/ps-684,PlayStation,8.0,Puzzle,N,1996,11,21
411,Mediocre,CyberSpeed,/games/cyberspeed/ps-139,PlayStation,5.0,Racing,N,1996,11,21
412,Good,D,/games/d/ps-688,PlayStation,7.0,Adventure,N,1996,11,21
413,Okay,Assault Rigs,/games/assault-rigs/ps-134,PlayStation,6.0,Action,N,1996,11,21
414,Mediocre,ESPN Extreme Games,/games/espn-extreme-games/ps-547,PlayStation,5.0,Sports,N,1996,11,21
415,Good,Doom (1993),/games/doom/ps-671,PlayStation,7.0,Shooter,N,1996,11,21
416,Great,Bottom of the 9th,/games/bottom-of-the-9th/ps-110,PlayStation,8.0,Sports,N,1996,11,21
417,Good,Adidas Power Soccer,/games/adidas-power-soccer/ps-715,PlayStation,7.0,Sports,N,1996,11,21
418,Painful,Agile Warrior F-111X,/games/agile-warrior-f-111x/ps-133,PlayStation,2.0,Action,N,1996,11,21
419,Great,Alien Trilogy,/games/alien-trilogy/ps-452,PlayStation,8.0,Action,N,1996,11,21
420,Okay,Alone in the Dark: One Eyed Jack's Revenge,/games/alone-in-the-dark-2/ps-677,PlayStation,6.0,Adventure,N,1996,11,21
421,Good,Fade to Black,/games/fade-to-black/ps-146,PlayStation,7.0,Adventure,N,1996,11,21
422,Good,Die Hard Trilogy,/games/die-hard-trilogy/ps-447,PlayStation,7.5,Action,N,1996,11,21
423,Good,Discworld,/games/discworld/ps-583,PlayStation,7.0,Adventure,N,1996,11,21
424,Okay,Battle Arena Toshinden 2,/games/battle-arena-toshinden-2/ps-451,PlayStation,6.0,Fighting,N,1996,11,21
425,Okay,A-Train,/games/a-train/ps-670,PlayStation,6.0,Strategy,N,1996,11,21
426,Bad,Casper -- A Haunting 3D Challenge,/games/casper-a-haunting-3d-challenge/ps-438,PlayStation,4.0,Action,N,1996,11,21
427,Okay,Bogey Dead 6,/games/bogey-dead-6/ps-449,PlayStation,6.0,"Flight, Action",N,1996,11,21
428,Great,Namco Museum Vol. 1,/games/namco-museum-vol-1/ps-702,PlayStation,8.0,"Action, Compilation",N,1996,11,25
429,Good,Road & Track Presents: The Need for Speed,/games/road-and-track-presents-the-need-for-speed/ps-1864,PlayStation,7.0,Racing,N,1996,11,25
430,Okay,Romance of the Three Kingdoms IV: Wall of Fire,/games/romance-of-the-three-kingdoms-iv-wall-of-fire/ps-478,PlayStation,6.0,Strategy,N,1996,11,25
431,Good,PGA Tour '96,/games/pga-tour-96/ps-165,PlayStation,7.0,Sports,N,1996,11,25
432,Good,Rayman,/games/rayman/ps-69,PlayStation,7.0,Platformer,N,1996,11,25
433,Okay,Raiden Project,/games/raiden-project/ps-720,PlayStation,6.0,Shooter,N,1996,11,25
434,Great,Andretti Racing,/games/andretti-racing/ps-703,PlayStation,8.0,Racing,N,1996,11,21
435,Good,Discworld,/games/discworld/ps-583,PlayStation,7.0,Adventure,N,1996,11,21
436,Good,Die Hard Trilogy,/games/die-hard-trilogy/ps-447,PlayStation,7.5,Action,N,1996,11,21
437,Awful,Gunship,/games/gunship-23429/ps-280,PlayStation,3.0,Simulation,N,1996,11,25
438,Okay,Olympic Summer Games: Atlanta '96,/games/olympic-summer-games-atlanta-96-808731/ps-551,PlayStation,6.0,Sports,N,1996,11,25
439,Unbearable,Revolution X,/games/revolution-x/ps-689,PlayStation,1.0,Action,N,1996,11,25
440,Bad,Shockwave Assault,/games/shockwave-assault/ps-679,PlayStation,4.0,Action,N,1996,11,25
441,Bad,HardBall 5,/games/hardball-5/ps-140,PlayStation,4.0,Sports,N,1996,11,25
442,Good,Twisted Metal [1996],/games/twisted-metal-1996/ps-444,PlayStation,7.0,Action,N,1996,11,26
443,Amazing,WipEout XL,/games/wipeout-2097/ps-473,PlayStation,9.0,Racing,Y,1996,11,26
444,Great,WipEout,/games/wipeout/ps-192,PlayStation,8.0,Racing,N,1996,11,26
445,Great,Tobal No. 1,/games/tobal-no-1/ps-743,PlayStation,8.7,Fighting,Y,1996,11,26
446,Great,Star Gladiator Episode 1: Final Crusade,/games/star-gladiator-episode-1-final-crusade/ps-461,PlayStation,8.0,Fighting,N,1996,11,26
447,Good,Starfighter,/games/starfighter/ps-287,PlayStation,7.0,Action,N,1996,11,26
448,Good,Battle Arena Toshinden,/games/battle-arena-toshinden/ps-716,PlayStation,7.0,Fighting,N,1996,11,21
449,Good,Destruction Derby,/games/destruction-derby/ps-144,PlayStation,7.0,"Racing, Action",N,1996,11,21
450,Great,Aquanaut's Holiday,/games/aquanauts-holiday/ps-548,PlayStation,8.0,Simulation,N,1996,11,21
451,Painful,Creature Shock (Special Edition),/games/creature-shock/ps-136,PlayStation,2.0,Action,N,1996,11,21
452,Good,Air Combat,/games/air-combat/ps-393,PlayStation,7.0,"Flight, Action",N,1996,11,21
453,Good,Descent,/games/descent-1995/ps-143,PlayStation,7.0,Action,N,1996,11,21
454,Mediocre,Cyber Sled,/games/cyber-sled/ps-138,PlayStation,5.0,Action,N,1996,11,21
455,Good,DEFCON 5,/games/defcon-5/ps-142,PlayStation,7.0,Action,N,1996,11,21
456,Mediocre,The King of Fighters '95,/games/the-king-of-fighters-95/ps-2072,PlayStation,5.0,Fighting,N,1996,11,25
457,Great,Jumping Flash! 2,/games/jumping-flash-2/ps-577,PlayStation,8.0,Platformer,N,1996,11,25
458,Bad,Epidemic,/games/epidemic/ps-299,PlayStation,4.0,Action,N,1996,11,25
459,Mediocre,Philosoma,/games/philosoma/ps-166,PlayStation,5.0,Action,N,1996,11,25
460,Mediocre,NBA In the Zone,/games/nba-in-the-zone-36223/ps-164,PlayStation,5.0,Sports,N,1996,11,25
461,Good,Magic Carpet,/games/magic-carpet/ps-159,PlayStation,7.5,Action,N,1996,11,25
462,Painful,Power Serve 3D Tennis,/games/power-serve-3d-tennis/ps-167,PlayStation,2.0,Sports,N,1996,11,25
463,Great,Resident Evil [1996],/games/resident-evil/ps-610,PlayStation,8.7,"Action, Adventure",N,1996,11,25
464,Okay,NCAA GameBreaker,/games/ncaa-gamebreaker/ps-724,PlayStation,6.8,Sports,N,1996,11,25
465,Okay,Project: Horned Owl,/games/project-horned-owl/ps-706,PlayStation,6.0,Shooter,N,1996,11,25
466,Okay,Frank Thomas: Big Hurt Baseball,/games/frank-thomas-big-hurt-baseball/pc-672,PC,6.0,Sports,N,1996,11,25
467,Good,Goal Storm,/games/goal-storm/ps-150,PlayStation,7.0,Sports,N,1996,11,25
468,Awful,In the Hunt,/games/in-the-hunt/ps-70,PlayStation,3.0,Action,N,1996,11,25
469,Good,International Track & Field,/games/international-track-field/ps-12,PlayStation,7.0,Sports,N,1996,11,25
470,Painful,Novastorm,/games/novastorm/ps-554,PlayStation,2.0,Shooter,N,1996,11,25
471,Great,PO'ed,/games/poed/ps-2098,PlayStation,8.0,Action,N,1996,11,25
472,Okay,NBA Jam: Tournament Edition,/games/nba-jam-tournament-edition/ps-701,PlayStation,6.5,Sports,N,1996,11,25
473,Good,WWF Wrestlemania: The Arcade Game,/games/wwf-wrestlemania/ps-714,PlayStation,7.0,Wrestling,N,1996,11,26
474,Good,Williams Arcade's Greatest Hits,/games/williams-arcades-greatest-hits/ps-202,PlayStation,7.0,Compilation,N,1996,11,26
475,Okay,Tetris Plus,/games/tetris-plus/ps-725,PlayStation,6.0,Puzzle,N,1996,11,26
476,Mediocre,Slam 'n Jam '96: Featuring Magic and Kareem,/games/slam-n-jam-96-featuring-magic-and-kareem/ps-708,PlayStation,5.0,Sports,N,1996,11,26
477,Bad,V-Tennis,/games/v-tennis/ps-712,PlayStation,4.0,Sports,N,1996,11,26
478,Good,Tokyo Highway Battle,/games/tokyo-highway-battle/ps-185,PlayStation,7.0,Racing,N,1996,11,26
479,Mediocre,Zero Divide,/games/zero-divide/ps-193,PlayStation,5.0,Fighting,N,1996,11,26
480,Amazing,X-COM: UFO Defense,/games/ufo-enemy-unknown/ps-686,PlayStation,9.0,Strategy,Y,1996,11,26
481,Okay,Darkstalkers: The Night Warriors,/games/darkstalkers-the-night-warriors/ps-141,PlayStation,6.5,Fighting,N,1996,11,21
482,Good,FIFA Soccer '96,/games/fifa-soccer-96/ps-542,PlayStation,7.8,Sports,N,1996,11,21
483,Bad,Mortal Kombat Trilogy,/games/mortal-kombat-trilogy/n64-454,Nintendo 64,4.1,Fighting,N,1996,11,20
484,Amazing,Wave Race 64,/games/wave-race-64/n64-81,Nintendo 64,9.7,Racing,Y,1996,11,15
485,Mediocre,Battle Arena Toshinden Remix,/games/battle-arena-toshinden-remix/saturn-195,Saturn,5.0,Fighting,N,1996,11,15
486,Bad,Cruis'n USA,/games/cruisn-usa/n64-498,Nintendo 64,4.0,Racing,N,1996,11,14
487,Mediocre,Batman Forever: The Arcade Game,/games/batman-forever/ps-318,PlayStation,5.0,Action,N,1996,11,2
488,Great,Pilotwings 64,/games/pilotwings-64/n64-83,Nintendo 64,8.2,Flight,N,1996,9,25
489,Mediocre,Road Rash,/games/road-rash/ps-102,PlayStation,5.0,"Racing, Action",N,1996,11,25
490,Good,Ridge Racer [1995],/games/ridge-racer-1995/ps-173,PlayStation,7.5,Racing,N,1996,11,25
491,Good,Shellshock,/games/shellshock/ps-177,PlayStation,7.0,Action,N,1996,11,25
492,Good,SimCity 2000,/games/simcity-2000/ps-680,PlayStation,7.0,Strategy,N,1996,11,25
493,Good,Street Fighter Alpha: Warriors' Dreams,/games/street-fighter-alpha/ps-181,PlayStation,7.0,Fighting,N,1996,11,25
494,Awful,The Hive,/games/the-hive/ps-693,PlayStation,3.0,Action,N,1996,11,25
495,Good,Loaded,/games/loaded/ps-157,PlayStation,7.5,Shooter,N,1996,11,25
496,Unbearable,Revolution X,/games/revolution-x/ps-689,PlayStation,1.0,Action,N,1996,11,25
497,Okay,Olympic Summer Games: Atlanta '96,/games/olympic-summer-games-atlanta-96-808731/ps-551,PlayStation,6.0,Sports,N,1996,11,25
498,Good,NBA Live '96,/games/nba-live-96/ps-171,PlayStation,7.0,Sports,N,1996,11,25
